Gene;Mutation;Position
fuuL;M1A;10
prs;M1V;1
prs;E14V;14
prs;A297T;297
prs;S278N;278
prs;A297V;297
prs;D29E;29
prs;A20T;20
prs;N260I;260
prs;T12P;12
prs;S149G;149
prs;V122A;122
prs;A76S;76
prs;G255A;255
purA;T357A;357
purA;V369L;369
purA;T281A;281
purA;K340R;340
purA;T51N;51
purA;A179V;179
purA;T191V;191
purA;K178N;178
purA;D388E;388
purA;L188R;188
purA;T66A;66
purA;L208R;208
purA;T66I;66
purA;E286D;286
purA;F298Y;298
purA;R215H;215
purA;T313I;313
purA;G70S;70
purA;D207N;207
purA;V369I;369
purA;V219A;219
purA;K340N;340
purA;A78T;78
purA;V320I;320
purA;Y262H;262
purA;S324A;324
purA;V112I;112
purA;I372V;372
purA;R27W;27
purA;R215C;215
purA;G299R;299
purA;T302P;302
purA;S76A;76
purA;A78S;78
purA;V205A;205
purA;D196N;196
purA;S380F;380
purA;P429Q;429
purA;R148P;148
purA;A181V;181
purA;V356M;356
purA;V52A;52
purA;M81L;81
purA;D261E;261
purA;A315V;315
purA;Q11P;11
purA;V346G;346
purA;V335G;335
purA;V5I;5
purA;V260I;260
purA;T375I;375
purA;M81I;81
purA;E102D;102
purA;L99M;99
purA;A395G;395
purA;V316I;316
purA;E63A;63
purA;D412E;412
purA;A113V;113
purA;K343R;343
purA;G59D;59
purA;Q394L;394
purA;D183V;183
purA;E63D;63
purA;D154G;154
purB;S73N;73
purB;E106D;106
purB;D376E;376
purB;R371H;371
purB;Y195H;195
purB;V159A;159
purB;G17C;17
purB;R196C;196
purB;A427T;427
purB;I70V;70
purB;R148L;148
purB;A427E;427
purB;Q421L;421
purB;Y195F;195
purB;D372G;372
purB;G425D;425
purB;S73R;73
purB;A80T;80
purB;E106A;106
purB;V348M;348
purB;V71I;71
purB;A61V;61
purB;T88I;88
purB;D379N;379
purB;M451L;451
purB;V261I;261
purB;A60S;60
purB;Q322L;322
purB;V364M;364
purB;A290V;290
purB;R413C;413
purB;A69T;69
purB;G153D;153
purB;A325V;325
purB;V20L;20
purB;A219V;219
purB;V37I;37
purB;A51V;51
purB;E76G;76
purB;A80V;80
purB;V71A;71
purB;E431G;431
purB;A72P;72
purB;R81C;81
purB;Y66H;66
purB;E223V;223
purB;A158S;158
purB;A52T;52
purB;P108L;108
purB;A442S;442
purB;V414I;414
purB;H111N;111
purB;A434V;434
purB;A58T;58
purB;Q240R;240
purB;V20I;20
purB;A319S;319
purB;A51T;51
purB;R87H;87
purB;V224I;224
purB;D163N;163
purB;K287N;287
purB;V96I;96
purB;E407D;407
purB;I85T;85
purB;T246P;246
purB;L343V;343
purB;E77K;77
purB;T450A;450
purB;D68N;68
purB;F35I;35
purB;V275L;275
purB;A112V;112
purB;M419V;419
purB;G351S;351
purB;S28G;28
purB;D225N;225
purB;A416V;416
purB;E102D;102
purB;K103I;103
purB;A105S;105
purB;E77D;77
purB;D379G;379
purB;I203T;203
purB;S230R;230
purB;P388S;388
purB;D18G;18
purB;I143L;143
purB;V211I;211
purB;D259N;259
purB;F271L;271
purB;A442D;442
purB;I85N;85
purB;E86D;86
purB;A438T;438
purB;M419I;419
purB;R139S;139
purB;G153V;153
purB;P165T;165
purB;E106G;106
purB;I53F;53
purB;A319T;319
purB;V93F;93
purB;K287R;287
purB;L316F;316
purB;S75N;75
purB;D62G;62
purB;W333C;333
purB;F74Y;74
